INSERT INTO street (street_code, street_name) VALUES
(1, 'вулиця Садова'),
(2, 'проспект Свободи'),
(3, 'вулиця Сухомлинського'),
(4, 'вулиця Шевченка'),
(5, 'вулиця Воїнів-афганців');


INSERT INTO offices_struct(city_id, city_name) VALUES
('010000000000', 'Місто'),
('010010000000', 'Місто Район 1'),
('010020000000', 'Місто Район 2'),
('010030000000', 'Місто Район 3'),
('010040000000', 'Місто Район 4'),

('020000000000', 'Область'),
('020010000000', 'Область Район 1'),
('020010010000', 'Область Район 1 Селеще 1'),
('020010020000', 'Область Район 1 Селеще 2'),
('020010030000', 'Область Район 1 Селеще 3'),
('020020000000', 'Область Район 2'),
('020020010000', 'Область Район 2 Селеще 1'),
('020020020000', 'Область Район 2 Селеще 2'),
('020020030000', 'Область Район 2 Селеще 3'),
('020030000000', 'Область Район 3'),
('020030010000', 'Область Район 3 Селеще 1'),
('020030020000', 'Область Район 3 Селеще 2'),
('020030040000', 'Область Район 3 Селеще 3'),
('020040000000', 'Область Район 4'),
('020040010000', 'Область Район 4 Селеще 1'),
('020040020000', 'Область Район 4 Селеще 2'),
('020040030000', 'Область Район 4 Селеще 3');



INSERT INTO mvs_office(mvs_office_id, mvs_office_city_id, mvs_office_name) VALUES
(1, '010010000000', 'МВС офіс района 1 міста'),
(2, '010020000000', 'МВС офіс 1 района 2 міста'),
(3, '010020000000', 'МВС офіс 2 района 2 міста'),
(4, '010030000000', 'МВС офіс района 3 міста'),
(5, '020010000000', 'МВС офіс Область 1 района 1'),
(6, '020020020000', 'МВС офіс Область 1 района 2 Селеща 2'),
(7, '020030040000', 'МВС офіс Область 1 района 3 Селеща 3'),
(8, '020040020000', 'МВС офіс Область 1 района 4 Селеща 2');

INSERT INTO register_office(r_office_id, r_office_city_id, r_office_name) VALUES
(1, '010010000000', 'REG офіс района 1 міста'),
(2, '010020000000', 'REG офіс 1 района 2 міста'),
(3, '010020000000', 'REG офіс 2 района 2 міста'),
(4, '010010000000', 'REG офіс района 3 міста'),
(5, '020010000000', 'REG офіс Область 1 района 1'),
(6, '020020020000', 'REG офіс Область 1 района 2 Селеща 2'),
(7, '020020030000', 'REG офіс Область 1 района 2 Селеща 3');